,0
0,d20f71c025f7425ccd944b9d201caaa0
1,939974117d6d09e147d93232d5a0b720
2,c8226c258cdd2e40f2665abacc0949d4
3,035779c2c5ed5d57aa6bd28edf2b29c3
4,d7bf31f927385087f49effb8b339b65c
5,e57db9e043425518801df7a4ceaf7fa5
6,035779c2c5ed5d57aa6bd28edf2b29c3
7,e2f849bba844d69761bef2287ce3d173
8,e87dca93814e785c556939c2a6b25f28
9,d4fb73ab4d4fef681e2e6130b3fb11a1
10,035779c2c5ed5d57aa6bd28edf2b29c3
11,957a2ed1d9a8d749f98c5a3707fa28fd
12,959387f4262eeb1c17963780129b2c2f
13,0146a3fbdd8b83cd429a1eef60cba487
14,0ffe701292800b1a2a0f9fa268a20aa3
15,e58236b683b55173dc618eb60ee21447
16,e87dca93814e785c556939c2a6b25f28
17,f29e95e43e154da0c67eea4ba8684a47
18,a78cf19fc9b1af08d98d930005b99b7a
19,aad82a1b2e5100a3920994d8ff83db06
20,e87dd1ac638388d591cc8428f4e53895
21,61cefd98b8f5337fb88f7c0c66a04717
22,e87dca93814e785c556939c2a6b25f28
23,e87dee3620adedcce4204d2630e2d39e
24,df1ecd4bf8d2647914e8d12588f9e0b1
25,b2e18677f4bcf294376af7206b1b150a
26,9093f17dcf117de2690ce40b046bca42
27,a78cf19fc9b1af08d98d930005b99b7a
28,003642f267ea3ddd588f352370ccca48
29,a99b7566014a88ef3b3f95c18796529e
30,180aab83e2da896190bcc83ce5495171
31,8e04780cab26d1290e9706a71cfd7f86
32,636873a723b3b99a0ef638c78e8102be
33,99ab5c732a89103dcfcc85b45d76724f
34,aa82a12e7eec41086149ec6747ecd228
35,cb4d22cf3fe917cbb03b6cfa92399c1f
36,9093f17dcf117de2690ce40b046bca42
37,565d0a1c1f87e0e3e31e5fd89ae44867
38,aa7e43b371767c5145c1f47bc33d9078
39,2b483ae2af443ea9c403689c72a4c955
40,0141e75364a316149188f0758ab2b893
41,e1f1474fe1484e9d692340d5ad67bb8b
42,768857f21af12c3036517fc6c682fbd7
43,e107acfdf5e96bdcf173dfd21f9fa380
44,837210b994febefcd92a4d9c4394a14c
45,adf2b72ca80f82e1da64f9e3bbdf5f32
46,f4432084470222a638e7ad59b3285be1
47,956c03998f8de890b8fa772beef36a9f
48,adf2b72ca80f82e1da64f9e3bbdf5f32
49,02e1a8aff4c1a6220c0595a3322bef46
50,e2f849bba844d69761bef2287ce3d173
51,dd3267d35abb00f2902e2afa34e7b2b4
52,ec5d1e9ffcd0fadeb4facfebc5baf659
53,6b2240c6822df31ededa9117980d0195
54,01193823824e0a2ef59a29457063198e
55,de0f0c9bdb2581fd2108d283b68db904
56,4c7b783ac44a363e518942811e4fb583
57,a78cf19fc9b1af08d98d930005b99b7a
58,aa7e43b371767c5145c1f47bc33d9078
59,d4fb73ab4d4fef681e2e6130b3fb11a1
60,96616c2c6d04f061221a71cfebedb357
61,38449a2b9415cff1c9c4a613e4b764ba
62,033abdfb083174854a70097948e00cbe
63,7e51d7bdaefaaa151f6aa3edc9156c21
64,418ef701f10d13b658ba94cdd9fad346
65,4613a2175d837a8b337b939231326869
66,adf2b72ca80f82e1da64f9e3bbdf5f32
67,959387f4262eeb1c17963780129b2c2f
68,8a934205f8ab73b47efe2f9716128f4a
69,f7c4a264f7bc0df058d91de33314a9f0
70,f4a0148441ec30088d081a3f0ed66a47
71,d235f8e2292c1d88037113032283cc8d
72,d24bd2ba0b2203b98c7a2a2a80cd2146
73,af5938c4deabc270bcc62d7c44e4546f
74,4c7b783ac44a363e518942811e4fb583
75,a992206993027147012779f9d8ae8e28
76,8c82758bd2a51fd658262857e2cec6b0
77,e615b4c34e4050d34fab502e99bd82a9
78,4e7c986e5aa114f6e8e474a8326451a0
79,012938aaef230c8c53599c7f92d3a907
80,63600cdc803212025e6c37097c9a8dab
81,92d6ee7d06e7177b1a7c4d4f8041491f
82,92d6ee7d06e7177b1a7c4d4f8041491f
83,3bec19a26341e11315989a44107152c1
84,4e7c986e5aa114f6e8e474a8326451a0
85,f7518d92459082c52b8f716c33acde70
86,fb066b4cfa1d5e68927067797ba4517f
87,66990a4a8cfa82a9b3c5fc601809a078
88,6b08ca686a169535aef001e76eabe20d
89,ea23112737ce8d1285ff4177d4be6381
90,d7a3837bc11bc36971bd3d69d1e72b1b
91,af5ba5f2f192abfc39ccdceac9ad18e8
92,1a456d6f2fd8d7615d27b73e914f01df
93,b22f45e0ccb6af493f5819f1a5385e76
94,e57db9e043425518801df7a4ceaf7fa5
95,a7f3f0fce1f4132ee8d13e5563170ab7
96,5da484cb50f1852e9c89faa3025f7a8a
97,3bcdc9e4f461efb9a4a734d1d0efd21e
98,4636139f06bddc9781610e8acbbb737e
99,7922fa0fd4cc5a04982cb02c045b9c73
100,6d0c1d8c92eda6388e0060f01139b0a3
101,a99b7566014a88ef3b3f95c18796529e
102,6b08ca686a169535aef001e76eabe20d
103,7922fa0fd4cc5a04982cb02c045b9c73
104,0aa36bb6b8affd0ffa74e66c1d38ba27
105,1a41309ec7570859136bf6ccdf107941
106,003642f267ea3ddd588f352370ccca48
107,7df7fe5b6f84fd665747b1d009c43f52
108,5da484cb50f1852e9c89faa3025f7a8a
109,9ae8e7d0bb8c439b2067702e39001645
110,4e816200e092f507ea99287b4298b4e6
111,7907f1628ea6cfe41c16f33044dde38e
112,98c316334036d9046cc2347a93bbb784
113,e2221394ae8676dbbea0a587bab7d97e
114,565d0a1c1f87e0e3e31e5fd89ae44867
115,04bcd20f91bc4acc65fb96a7cd9e4253
116,b99a99dd6e27abd78e6ccf789e7eef26
117,6b08ca686a169535aef001e76eabe20d
118,02e1a8aff4c1a6220c0595a3322bef46
119,8d083e13a2936d478f2959dcefd26ac0
120,4d809acf1aac7ba220012617713e3167
121,5da484cb50f1852e9c89faa3025f7a8a
122,e87dee3620adedcce4204d2630e2d39e
123,aa7e43b371767c5145c1f47bc33d9078
124,d7c41290c636f911983d686411669d92
125,6b08ca686a169535aef001e76eabe20d
126,003642f267ea3ddd588f352370ccca48
127,3b29a13bd16ccf700666513861ddc0f1
128,7e966243f48fd0d3598b533cded2f121
129,038739cc80dcb1f21b169758c9a279fb
130,04dc5d2a48b16437aba63a7d3046c63e
131,aa7e43b371767c5145c1f47bc33d9078
132,4c77cd3b9eba577c5171995aa0947da1
133,cef5ebf05d553abd08a2974741eaa7fd
134,2f67344f01941eea4080e463dc8c09af
135,2cf0f53c9f551b50e895f5c06abef813
136,04dbbc41e062cc6e4763c93abb21e496
137,6b2240c6822df31ededa9117980d0195
138,e79d425119aff1a3573f26986c801cbb
139,5458351c7f025c5f055ca2e12320ed55
140,d3e795800e67230b60da0c9c6b92c095
141,d851e2df3740bf16a1b46955a565a3a8
142,a14d2de40ecfa20000a6ee68064df319
143,a369064609747018e85f9ea42623ae58
144,c8df4a1aeca17cdff5a59119bce795dc
145,c8d0a3ca6fa68c5b39ede95c1ec4878c
146,6b31f13849e7c2eb9928c93199077eba
147,dd69a011b7110ee9ae35376e5da379a3
148,dd69a011b7110ee9ae35376e5da379a3
149,e58236b683b55173dc618eb60ee21447
150,20b37e617bfb56bb3a8b66f61801b4a5
151,0146a3fbdd8b83cd429a1eef60cba487
152,ddf1e9cb202efe48d81b433bf617bea2
153,9f7563d1f8f7c4ece60298267046dc25
154,2b50eb8b15500c8c1c18ffa81c718fdb
155,4e7c986e5aa114f6e8e474a8326451a0
156,b338e593b9863729fe0889da6bc06af9
157,595ebd15dd76642c8ed64f7d1de8875d
158,3a0e8712baa57d12de79b49fb3da59db
159,f5ee8d5924d46186991e25f9346adc62
160,a369064609747018e85f9ea42623ae58
161,b7db7f7826058196c8bc6a9e31dcaa70
162,96616c2c6d04f061221a71cfebedb357
163,5c0e78f8f315a4c03ce54e1f4d385beb
164,3e84e3b5dec813b9224605c9745ef6c7
165,adf2b72ca80f82e1da64f9e3bbdf5f32
166,9093f17dcf117de2690ce40b046bca42
167,8931e4757afec89f6f10d62be4eed033
168,4e7c986e5aa114f6e8e474a8326451a0
169,a29f8926a3b8ae604b259e983e6860bd
170,adf2b72ca80f82e1da64f9e3bbdf5f32
171,de7b333ad79938a493070276f228549d
172,df67b6b633146f8b042841e9d971fba7
173,4d7d6951e2ceddbf0604258c8f6a2f40
174,418be437c872474cba407be7dc7c880b
175,8a934205f8ab73b47efe2f9716128f4a
176,0141e75364a316149188f0758ab2b893
177,d218775d30bf1cb9d8062c590bd81c13
178,565d0a1c1f87e0e3e31e5fd89ae44867
179,a369064609747018e85f9ea42623ae58
180,04dc5d2a48b16437aba63a7d3046c63e
181,fcd4ac4708da5e1185525f7f37a54c7f
182,e10105def1bae5b52f44e088c5d66c2c
183,a99b7566014a88ef3b3f95c18796529e
184,61cefd98b8f5337fb88f7c0c66a04717
185,dc9c92151baa0ecf412a6b9fe3271bae
186,4cdf7b53d68124389e3bfe38423d8fab
187,951b6d0e02eba9c3874f2b7238370a54
188,ff91170540c3d557984d2e67daae80a4
189,6b08ca686a169535aef001e76eabe20d
190,246e153e9b6089481240a3a42c788d3c
191,f155d3c83ca8c51cf0ac4279e8cfe06b
192,d4fb73ab4d4fef681e2e6130b3fb11a1
193,b38afe5e1d1fbbdc40352649d6ae3122
194,b8837b6845f2ff1256d8eb0db2ad355b
195,edb2a3b41e0d861cf5a8e8051e0235b4
196,b6f58544a758ebdb039c261a180b4058
197,df97f582c0de5d635fea389ccfa8edc6
198,e6a86bc730c7ff8d28a58f6c7a9be241
199,22d108b0b0f2d92ef3382dd586b6691a
200,b895ae73a2fbf798cf74b676631c1129
201,226ccf055490232c59528ffc3bc3180b
202,ccb4cce397834ed34ea5ea1e648a0163
203,a44cf1682fd84a0cf76f628859cd9b59
204,e58236b683b55173dc618eb60ee21447
205,95c3ce4a458b22f00a9debcc3afa3272
206,d0fcece0dff0b7da0618d1de013bebec
207,d2fddb6135d37e62525cfdd6530935dd
208,f155d3c83ca8c51cf0ac4279e8cfe06b
209,f0e93c0a6a562bf6470f5e1f9387ff22
210,c7a56aac25d04d1a281a5b450f6407e2
211,e40c12398d639c97cfa53346c1080041
212,2b34cc5d43385531c8111f5288e59ad8
213,1f512db04811fbf74e3881494bbe5035
214,97ed489807f92fe878a182f7b165afd5
215,b5eaebbe989d335f9c7b5439333c6af0
216,efcade7022c06280df6e4b5f2e693f73
217,37f9a05702eecda17bcdfa0f1873a431
218,7a7ecbd790fc99ab3620c4b7627deeae
219,a87679506d942a0a77d34b4bafa434d8
220,1011ee6596c5d149b685c7d0b33ed79d
221,89fdac3f090bd5ec46ebaba682b2065d
222,8931e4757afec89f6f10d62be4eed033
223,7cf6de3c33d50f2cf4350df908bdc103
224,0146a3fbdd8b83cd429a1eef60cba487
225,b0298f519ed938e73d2665095bd5afbd
226,af5938c4deabc270bcc62d7c44e4546f
227,f99b27081b11f7bc6a2d4f678ea8877d
228,e615b4c34e4050d34fab502e99bd82a9
229,749a75a2a2da984cff3b062fd01b2243
230,c7a56aac25d04d1a281a5b450f6407e2
231,fcd4ac4708da5e1185525f7f37a54c7f
232,5d7b5218a1e43d8379cfc4b399b25d81
233,042565b780b6f93379695bea8bac8b17
234,96616c2c6d04f061221a71cfebedb357
235,8a161ffe4129c538bb241fc9af79cdc3
236,8bed081c07bfff0ab3299141004c3b15
237,6b31f13849e7c2eb9928c93199077eba
238,efe6573047086bb00379d24000ba61c1
239,b895ae73a2fbf798cf74b676631c1129
240,cfa5d64cc1f5f5e5653fb72878695eef
241,4e24f84b676ce2027e424a9f1dc24000
242,4c77cd3b9eba577c5171995aa0947da1
243,3bec19a26341e11315989a44107152c1
244,20b37e617bfb56bb3a8b66f61801b4a5
245,8bcd24f1d85eba2218d4721c4c36a991
246,b38cd33e6745c1af66f636130c65ca03
247,cf501b8daa2b9fcc7d56061e221f3ebd
248,cfac5e02e77000da43a195871ab3e866
249,a14d2de40ecfa20000a6ee68064df319
250,156bb686c6ccdeb605bcaf543edf06c6
251,4e7c986e5aa114f6e8e474a8326451a0
252,9e55eb5c76f173979f527f74d9cae16f
253,651549ad581a17cdf734b480f12fc8f9
254,d2fddb6135d37e62525cfdd6530935dd
255,bb71addc2f1a650d8d7ce6ffabe4b5a1
256,97ed489807f92fe878a182f7b165afd5
257,a66b2133a961c322350648086eb71ffe
258,aac6412284abad9c3fc551c129d0e7bc
259,16b476ac4df8aee8df4d134efe40d689
260,033d47a02a0e276938c5a77ed9e2e232
261,9564ddca3f88e273834021e1e4bf1214
262,a76446b228b2ffcb9e0e0308f233a9de
263,461ac241790bf274ca54648e1b07dcb1
264,fe739a5ecfcd6a180f31b2e5ba89507f
265,ac5527bc1a4f52c4369c583601665c09
266,dbcb51cb6296d5dc0cfc6444ac396a75
267,dbcb51cb6296d5dc0cfc6444ac396a75
268,87947346124f0342d1ae88ec2b8a4c0f
269,22fd0a15deab8e7b5da22e81e68b1424
270,cdf64d54d6e6cec53dcac45046c6e013
271,232f5bad11e4fa693c2c82c84aced82a
272,545629eaf1a42f3c496b46518ae7271b
273,d0eb8360cc22df9de144eb2c1c679f61
274,a11a59d32ec632dbce30f8e9440c496f
275,93a29e368ce16f6e507e4ce54d66c5c2
276,932b81ebb406826d8ba591510b72a45b
277,a9e72518d913ad12aa266cd06fa848c3
278,935bbfab8ecc72b5c1734faa00a45be2
279,a9e72518d913ad12aa266cd06fa848c3
280,881a38c2d6c7b03ac10d2ba57b5c5935
281,f27e670b230403f4df1672f9d8ac9f08
282,fdac63200b05d551864e7d84b1b1f7b5
283,79122dc72df5baac7fb605773e8d0371
284,cbf0ccb3f472f82f06b0e2c1ed39e11f
285,d0eb8360cc22df9de144eb2c1c679f61
286,ef5a503913a4c7116b7d59791b4b306c
287,dbcb51cb6296d5dc0cfc6444ac396a75
288,22fd0a15deab8e7b5da22e81e68b1424
289,d0eb8360cc22df9de144eb2c1c679f61
290,a5d9b49cf7f4b33eafda0377839063d2
291,dc688a0d24fea291cacde479b590071e
292,ed9dca9c22ac505384fe67f1d0aacffb
293,d0eb8360cc22df9de144eb2c1c679f61
294,dd71f098af10848beef5e823f21697da
295,a11a59d32ec632dbce30f8e9440c496f
296,c46b5f6b965de8773ed5cf413fdc94ba
297,cf0bd585290bd728441d91d873a87326
298,d0eb8360cc22df9de144eb2c1c679f61
299,054aa4dfd7bf3bcec6efe4b410cc1144
300,545629eaf1a42f3c496b46518ae7271b
301,b04572c6785c3d6a8f553a1b28a57aa6
302,1f7a29175a2be4bd674124dba8000ad0
303,a14345493cdb72c9bfbb881c5c3cb487
304,f49357b556e2e5dc1879e97fe833a25a
305,a7880b299fa6fb987dcefad229f9b17f
306,054aa4dfd7bf3bcec6efe4b410cc1144
307,a41c28f881c1cfe7740fb0e9ba060ea8
308,e2ea20b1a088b7207f17fcf880e35e9e
309,e93f548af9e32c971c0051121e72d73f
310,aac6412284abad9c3fc551c129d0e7bc
311,f309c0a8455920249d298f939a808762
312,fef39aef40afe3bf6e21704598d5af45
313,e1c480a3f65ee24761a2af5438b31330
314,7002745be3faaee1d6c7814ad492bae4
315,084e88b34474b1c8db8b19e0a6745e3a
316,cd773cf1bd3b83a32122b73727af3521
317,22fd0a15deab8e7b5da22e81e68b1424
318,e1c480a3f65ee24761a2af5438b31330
319,863eb0b3d4c76fd81c9a24f598eaa41a
320,8991d8fa5740d8d2ad8f33039ee6b2b0
321,3fd291f007eefd0ec748bbc520960672
322,05351f4620f96ccfe4b8336b91d9a825
323,7060a93d8aa6a5d1b963c36553ffd291
324,c47b410b78454d64e34e4ccfabecf871
325,a11a59d32ec632dbce30f8e9440c496f
326,b09a3bbbc4ed047c69b747bf6ecee9d6
327,4d61a0327bdf025719e379f3c6020066
328,59cfb8c25f0788eefbca82583f3853c0
329,cbb2f2d23d79cf01234abb734b375953
330,293cdbcfe529f29148b603b5939925aa
331,59cfb8c25f0788eefbca82583f3853c0
332,87947346124f0342d1ae88ec2b8a4c0f
333,0ba509d5ddf3b159f6d608bfef78f4e6
334,df40409b664cbeeadd70d4145164b535
335,df40409b664cbeeadd70d4145164b535
336,e93f548af9e32c971c0051121e72d73f
337,a41c28f881c1cfe7740fb0e9ba060ea8
338,138a78d80a8cd66cdc5e895662e925ad
339,f956dee98b11bf382d1f1298ffd0e101
340,461ac241790bf274ca54648e1b07dcb1
341,ac5527bc1a4f52c4369c583601665c09
342,a41c28f881c1cfe7740fb0e9ba060ea8
343,a25bb15975c1b58ce3b9ccc863b6ed1f
344,51c44073fdd42369f27e6f41b2f11657
345,348d94b7d04afb4ebb6d277db423bbcf
346,b1a225d20a43823bf2bb9cc746a26cf6
347,dcacf0bce6ffb6f2c526ac5c1a05ed3d
348,1c8c398dba00f313735943225da17f62
349,ed9dca9c22ac505384fe67f1d0aacffb
350,293cdbcfe529f29148b603b5939925aa
351,bdab3a89f5a8be84a03ded46184e0400
352,8a42de6cd7af3a81214027fe71239209
353,7c24cb07a13af41d02e2e9a9d20c1922
354,b04084ee461eb9b2515ab7e9e5b581a5
355,de780702e048b12628c78ef01ea18b2f
356,eec7cff1c99447d12e1dd0daf2d1f5f2
357,92464d9f90ca140f6c3149bda6420a01
358,0029a24d3bef0f04b95a7034864db61d
359,2a7ff2e9da3e28f4e792931c0ffcec74
360,25562ee7407251b4ee09a2415e0f3315
361,dd20d4929fed9c9d111fff0e21ef133f
362,ba08c61085f0fe3a391935d855c24c94
363,e7639852d97f0992213fd135341015bb
364,94bca6e025362db6089ec8a003178bdc
365,2a7ff2e9da3e28f4e792931c0ffcec74
366,2a7ff2e9da3e28f4e792931c0ffcec74
367,210a26e0fd45cfdcdec3b74e1da9062d
368,fc83ce8c78fec53e7c3c06b0b1504579
369,81316c2258c84988db83ecfd15f833ec
370,61c3388c30ad1b5ec8f4002bcbc951ba
371,53885a790d6de276518aa96ea804b1e3
372,393691b5434bb516d994d3e3355a9628
373,461f48320725d5251a42b1c9bacb3d23
374,dab332b21bbd940430fa4f16f5b392cc
375,efe6d23d09889569dda17d63679a07c4
376,7c9a4c8da97929d6d823ac614266e838
377,d4f70e879639117cbf753465116e18ae
378,a9d953e409aecb8b2211820e8b7c1c9a
379,c6e926793171734eabad6e3a04710e0e
380,22f6d289d64cdfffe85672b86c84aa69
381,a7baddd0d2e3f2d606a9c1971caec177
382,d6193417e03829f9c76d404aae0d4122
383,a9d953e409aecb8b2211820e8b7c1c9a
384,844e6f13e8b9bc9d76693df47557e0e1
385,efe6d23d09889569dda17d63679a07c4
386,efe6d23d09889569dda17d63679a07c4
387,cbf14308c366bd6c0de78ecc750c41fb
388,d2c35cd75e1cfd2f7b284a81b1de04f2
389,e8438107f2b37454bb465b53b5a45038
390,f18813b568e89359f86c2374c2a77955
391,7abb0eb4e2793de07aca8d4eeaadd07b
392,8bfc14e57839235de6657bafeb0bad1c
393,b0341fe84d171fb012bee9b87687616c
394,ed173cf9d8013e1b480345b4a598adc3
395,1a399748eb0ecdd3a7e09cc6f42792f2
396,f18813b568e89359f86c2374c2a77955
397,d4f70e879639117cbf753465116e18ae
398,e155bcf3f3e51b9408a1f0b41f246cca
399,d4f70e879639117cbf753465116e18ae
400,d1173594578075539837ea2e4048dbaf
401,32122ebc4bf705d0e794c8a67b64431a
402,cb5069663913c878b6ffdaf9dfea1432
403,b3859aaf1617f973472f1ad39284c15d
404,d2c35cd75e1cfd2f7b284a81b1de04f2
405,cbf14308c366bd6c0de78ecc750c41fb
406,e6bf7eb2ac98b5867d1a3ca7e7edf447
407,cbf14308c366bd6c0de78ecc750c41fb
408,e98a8429016dad3cd631f6d430ae69cc
409,cbf14308c366bd6c0de78ecc750c41fb
410,5f31d84f8be25441ed5a134a767563d5
411,92446ebb65d6d2e1cee79f90b64a9a1d
412,66ff7a2d8a3b05695b6a2d7ab903cbcf
413,600f15638ae36eef1a408fa48f3ade87
414,8dfe9d552d23ddd3417e439825e0b8d4
415,a1dc26763c37c3ebbe7b4f2aa01c1bb3
416,f18813b568e89359f86c2374c2a77955
417,7abb0eb4e2793de07aca8d4eeaadd07b
418,5f31d84f8be25441ed5a134a767563d5
419,8c5e6cabc705c38a59acf85a1233c628
420,87594e9f7521af296ff1457351c0d3f6
421,87594e9f7521af296ff1457351c0d3f6
422,73664c55293e98dc4dc4fefbe37e678a
423,c46b1610a306e4ee6441443394005092
424,53b69fcf0ad1c4117055a30df8ddd8d3
425,d902c74dc7626e5bf0cf2df30f30d144
426,53b69fcf0ad1c4117055a30df8ddd8d3
427,8894ead9f4a4218197b6d39b3e5bf6cb
428,b02352098c656e737f306ab43bb13456
429,c9d6c52fff9389d71a38031cbfebc2cc
430,7c5ff2fb41896630cd1b7134711141c0
431,8893bff21c2c420a54986542087c9d4a
432,ea8ffa5caa509147ae97c3d026a5369d
433,6bce1031c360d4ff56fa87fa2df7d373
434,4c914c9a0703fcf7e5a9782389b0a8bc
435,f7a00691f37c6c3eede01a43ef5d2d01
436,c9e572f41d1821c14890bce3a12818b6
437,d902c74dc7626e5bf0cf2df30f30d144
438,7c5ff2fb41896630cd1b7134711141c0
439,aae9b1aeb5d3c85511c3fd4ffbdbbf36
440,e13aa34dcad8f581aa22027da0f1fa2b
441,bcc05d6d9554d3a755b59741bcc69886
442,ea8ffa5caa509147ae97c3d026a5369d
443,d2d294d9c14add9a72493f3b50b402bb
444,7c064d971ea9d41d82d8e180e87768af
445,d2d294d9c14add9a72493f3b50b402bb
446,53b69fcf0ad1c4117055a30df8ddd8d3
447,ea8ffa5caa509147ae97c3d026a5369d
448,d2d294d9c14add9a72493f3b50b402bb
449,8894ead9f4a4218197b6d39b3e5bf6cb
450,c9e572f41d1821c14890bce3a12818b6
451,2aa5070cdf6aa2547d8d035751726095
452,a86f1d99d01e9bd3595985f054c4ae23
453,f5802a0cabd4298f85a012e61f01ee04
454,ce0fcf59199720f365adf242473aa444
455,d53a1b62cbdb4b154cf46a69673df238
456,47ea65db602c3bd52a3a1763dabd504f
457,d847b582defb91008e99e81ebdf6c2e2
458,77f87c563357a1073047a984b4df39ca
459,9dcf5f114e964bbe19c41ad170a44826
460,d593a9aaddb636a3ef6ebd85dcc03fd6
461,f4caaaf3f8f1c641e30415053d94b6df
462,94bb886970c7ce8378d82d322a349cf5
463,47ea65db602c3bd52a3a1763dabd504f
464,a86f1d99d01e9bd3595985f054c4ae23
465,dbcc04dc2ea74f5348d9a395809ee4ff
466,d53a1b62cbdb4b154cf46a69673df238
467,c8d94723467d93831a0bd3a3ecfea5c9
468,59ced92bf60c36b27ae1636efc8f9e3b
469,3309b498a5f179ef2712e3f0b2c0b149
470,47ea65db602c3bd52a3a1763dabd504f
471,9dcf5f114e964bbe19c41ad170a44826
472,cbd3a55cd83872e70b58426593a57508
473,8e9865cb62cd32904043feacd295c174
474,e2c2d5b0a596a31626771536a7db2a34
475,be9a533cd8eac0ba0d2266613da86177
476,a7bdb4b50a7720dc612e977d189eb819
477,47ea65db602c3bd52a3a1763dabd504f
478,ee50e2fd0eb5fbeac43fca8294e23fbb
479,510aab2b97eb6975fb1c02718bed2dc2
480,cb5068d4304f86fe12e7ae0b650d8557
481,f669b3730e1a78d34df4010f16a4a4d5
482,02b3ab4fb30c419e053cb19ede94a84c
483,d593a9aaddb636a3ef6ebd85dcc03fd6
484,408604a6350f45a0935e84f4ecd8f69d
485,c8d94723467d93831a0bd3a3ecfea5c9
486,f313cd626e777c336b6b2a0fe61c3e9e
487,c8d94723467d93831a0bd3a3ecfea5c9
488,43604848fe6da82c0994fa30060cc16a
489,8e9865cb62cd32904043feacd295c174
490,b1ed3e2eeeaa038becbd9bd85015fea1
491,7c0742c3e2f47e4ad12c83d9010805a6
492,c8d94723467d93831a0bd3a3ecfea5c9
493,cbd3a55cd83872e70b58426593a57508
494,1bb20c81cd0aad9b692b27df99909d49
495,ced85a989c9ce04242da3f92cfd29beb
496,ced85a989c9ce04242da3f92cfd29beb
497,fc9fbb0c0073cc0c1b2a23b9dbd99f5c
498,f313cd626e777c336b6b2a0fe61c3e9e
499,cdddb038a9c44216a0a93581db6ad8d5
500,d517f763198c1716ca75b33176b13160
501,98959c342fc3801c956034606a4b7c32
502,b1ed3e2eeeaa038becbd9bd85015fea1
503,0ff9960484e853cfd9a371cfe67d2508
504,0ff9960484e853cfd9a371cfe67d2508
505,e10b1ae2a46e30542f52d4237776e326
506,7109194d40146b2b4b29abb4e5bb7b51
507,5d6d1a8f7d22bbf21f216462940eab45
508,aa80fd7859a8884063fbba4273792747
509,4089ef04499ee481d2b6a77f61f1f277
510,d245954841f07197581b0774d19ebcb6
511,b8b687f64c3bd59f3ad1f7ccd8a041d1
512,0f3c4f8cc2edb063278cd2f463af63f3
513,0f3c4f8cc2edb063278cd2f463af63f3
514,846854504afe5f458623f64e0b27c805
515,1dc4708509d3861b62d18330b9e0a4cc
516,1dc4708509d3861b62d18330b9e0a4cc
517,1dc4708509d3861b62d18330b9e0a4cc
518,f15a1458807f8cfa353d997716b72eff
519,f15a1458807f8cfa353d997716b72eff
520,634cf411c7241d7ea5fada9c64eb0c51
521,634cf411c7241d7ea5fada9c64eb0c51
522,d7bdc165c8f4fc633a345d8a6a697957
523,cb548406964c030e7099ea9b434f34b4
